vehicle_id,event_time,battery_level
3e937810-3a3b-48d6-80ad-56ae12c3bed8,2022-01-31 19:13:06.001,UNKNOWN
3e937810-3a3b-48d6-80ad-56ae12c3bed8,2022-01-31 04:25:05.011,UNKNOWN
460a67ab-ee58-4279-b96d-ac56ac029d3e,2022-01-30 01:58:57.004,UNKNOWN
9893c80d-f282-46cf-a794-280f0306c936,2022-01-30 21:43:42.027,UNKNOWN
fb20e847-d2a1-4583-b874-393c9d1f3db9,2022-01-31 04:25:05.038,UNKNOWN
3e937810-3a3b-48d6-80ad-56ae12c3bed8,2022-01-31 02:09:33.600,UNKNOWN
66bd55df-eaf0-49c8-b9e1-7759b85e9325,2022-01-30 21:43:44.021,70.9
19c4f06a-d5c7-4e51-ae2c-56c5367c0d50,2022-01-30 19:44:07.038,UNKNOWN
66bd55df-eaf0-49c8-b9e1-7759b85e9325,2022-01-30 19:43:57.009,33.7
4d210a10-6c23-41c4-92e1-5b1833f7b54a,2022-01-30 19:44:04.018,UNKNOWN
9893c80d-f282-46cf-a794-280f0306c936,2022-01-30 19:43:53.009,UNKNOWN
3e937810-3a3b-48d6-80ad-56ae12c3bed8,2022-01-30 19:15:39.045,UNKNOWN
19c4f06a-d5c7-4e51-ae2c-56c5367c0d50,2022-01-29 19:46:08.025,UNKNOWN
66bd55df-eaf0-49c8-b9e1-7759b85e9325,2022-01-30 05:50:00.024,74.1
f0704100-56e6-4117-ae4f-cf97e5d2d132,2022-01-29 23:01:12.018,UNKNOWN
9893c80d-f282-46cf-a794-280f0306c936,2022-01-29 23:01:30.040,UNKNOWN
d44b765e-d86f-46f8-ba46-8cd913c49285,2022-01-28 21:45:21.157,UNKNOWN
19c4f06a-d5c7-4e51-ae2c-56c5367c0d50,2022-01-29 01:31:13.100,UNKNOWN
f0704100-56e6-4117-ae4f-cf97e5d2d132,2022-01-29 11:40:45.040,UNKNOWN
fc86bd41-dd55-4d15-bb3f-35e31c7759e6,2022-01-29 07:52:42.040,58.8
fb20e847-d2a1-4583-b874-393c9d1f3db9,2022-01-29 07:52:44.033,UNKNOWN
4d210a10-6c23-41c4-92e1-5b1833f7b54a,2022-01-29 03:33:08.021,UNKNOWN
66bd55df-eaf0-49c8-b9e1-7759b85e9325,2022-01-29 03:33:09.003,79.2
f0704100-56e6-4117-ae4f-cf97e5d2d132,2022-01-29 03:33:08.025,UNKNOWN
fc86bd41-dd55-4d15-bb3f-35e31c7759e6,2022-01-29 02:14:24.006,77.2
19c4f06a-d5c7-4e51-ae2c-56c5367c0d50,2022-01-28 20:31:07.037,UNKNOWN
66bd55df-eaf0-49c8-b9e1-7759b85e9325,2022-01-28 20:30:57.006,23.5
9893c80d-f282-46cf-a794-280f0306c936,2022-01-28 19:16:14.018,UNKNOWN
f0704100-56e6-4117-ae4f-cf97e5d2d132,2022-01-28 17:09:43.018,UNKNOWN
19c4f06a-d5c7-4e51-ae2c-56c5367c0d50,2022-01-28 17:10:11.008,UNKNOWN
d44b765e-d86f-46f8-ba46-8cd913c49285,2022-01-28 16:52:07.027,UNKNOWN
4d210a10-6c23-41c4-92e1-5b1833f7b54a,2022-01-28 01:22:40.042,UNKNOWN
19c4f06a-d5c7-4e51-ae2c-56c5367c0d50,2022-01-27 19:03:57.025,UNKNOWN
f0704100-56e6-4117-ae4f-cf97e5d2d132,2022-01-28 06:04:25.017,UNKNOWN
9893c80d-f282-46cf-a794-280f0306c936,2022-01-28 01:22:42.020,UNKNOWN
f0704100-56e6-4117-ae4f-cf97e5d2d132,2022-01-28 01:22:37.018,UNKNOWN
9893c80d-f282-46cf-a794-280f0306c936,2022-01-27 23:30:10.027,UNKNOWN
f0704100-56e6-4117-ae4f-cf97e5d2d132,2022-01-27 22:25:25.040,UNKNOWN
4d210a10-6c23-41c4-92e1-5b1833f7b54a,2022-01-27 23:30:35.015,UNKNOWN
66bd55df-eaf0-49c8-b9e1-7759b85e9325,2022-01-27 23:30:14.009,65.0
4d210a10-6c23-41c4-92e1-5b1833f7b54a,2022-01-27 21:09:09.033,UNKNOWN
9893c80d-f282-46cf-a794-280f0306c936,2022-01-27 21:09:08.047,UNKNOWN
66bd55df-eaf0-49c8-b9e1-7759b85e9325,2022-01-27 19:03:59.004,35.2
f0704100-56e6-4117-ae4f-cf97e5d2d132,2022-01-27 16:07:54.035,UNKNOWN
4d210a10-6c23-41c4-92e1-5b1833f7b54a,2022-01-27 16:07:56.006,UNKNOWN
66bd55df-eaf0-49c8-b9e1-7759b85e9325,2022-01-27 16:07:55.035,58.4
9893c80d-f282-46cf-a794-280f0306c936,2022-01-27 16:07:32.018,UNKNOWN
4d210a10-6c23-41c4-92e1-5b1833f7b54a,2022-01-27 02:18:22.009,UNKNOWN
f0704100-56e6-4117-ae4f-cf97e5d2d132,2022-01-27 06:04:09.012,UNKNOWN
9893c80d-f282-46cf-a794-280f0306c936,2022-01-27 04:29:13.454,UNKNOWN
c9c8b7fb-eaa8-4ab5-ba8f-756f15bb8635,2022-01-27 01:47:24.005,UNKNOWN
9893c80d-f282-46cf-a794-280f0306c936,2022-01-27 02:18:24.281,UNKNOWN
f0704100-56e6-4117-ae4f-cf97e5d2d132,2022-01-26 17:55:52.021,UNKNOWN
66bd55df-eaf0-49c8-b9e1-7759b85e9325,2022-01-26 01:14:08.016,65.4
19c4f06a-d5c7-4e51-ae2c-56c5367c0d50,2022-01-23 20:09:18.036,UNKNOWN
4d210a10-6c23-41c4-92e1-5b1833f7b54a,2022-01-26 19:33:39.038,UNKNOWN
d44b765e-d86f-46f8-ba46-8cd913c49285,2022-01-26 16:03:51.029,UNKNOWN
460a67ab-ee58-4279-b96d-ac56ac029d3e,2022-01-25 03:42:52.040,UNKNOWN
9893c80d-f282-46cf-a794-280f0306c936,2022-01-25 17:00:07.022,UNKNOWN
f0704100-56e6-4117-ae4f-cf97e5d2d132,2022-01-26 08:12:51.011,UNKNOWN
4d210a10-6c23-41c4-92e1-5b1833f7b54a,2022-01-26 01:14:01.027,UNKNOWN
f0704100-56e6-4117-ae4f-cf97e5d2d132,2022-01-26 05:35:47.011,UNKNOWN
f0704100-56e6-4117-ae4f-cf97e5d2d132,2022-01-26 01:13:55.009,UNKNOWN
66bd55df-eaf0-49c8-b9e1-7759b85e9325,2022-01-25 23:46:44.004,78.8
f0704100-56e6-4117-ae4f-cf97e5d2d132,2022-01-25 16:03:29.030,UNKNOWN
4d210a10-6c23-41c4-92e1-5b1833f7b54a,2022-01-25 23:46:43.017,UNKNOWN
4d210a10-6c23-41c4-92e1-5b1833f7b54a,2022-01-25 16:59:53.010,UNKNOWN
66bd55df-eaf0-49c8-b9e1-7759b85e9325,2022-01-25 16:47:02.426,76.8
fb20e847-d2a1-4583-b874-393c9d1f3db9,2022-01-25 04:31:02.020,UNKNOWN
f0704100-56e6-4117-ae4f-cf97e5d2d132,2022-01-25 08:51:48.004,UNKNOWN
4d210a10-6c23-41c4-92e1-5b1833f7b54a,2022-01-25 02:01:46.005,UNKNOWN
66bd55df-eaf0-49c8-b9e1-7759b85e9325,2022-01-25 01:38:28.273,82.7
f0704100-56e6-4117-ae4f-cf97e5d2d132,2022-01-25 04:19:38.024,UNKNOWN
f0704100-56e6-4117-ae4f-cf97e5d2d132,2022-01-25 02:01:42.018,UNKNOWN
f0704100-56e6-4117-ae4f-cf97e5d2d132,2022-01-24 20:54:59.013,UNKNOWN
4d210a10-6c23-41c4-92e1-5b1833f7b54a,2022-01-24 22:02:30.026,UNKNOWN
3e937810-3a3b-48d6-80ad-56ae12c3bed8,2022-01-24 18:40:29.033,UNKNOWN
66bd55df-eaf0-49c8-b9e1-7759b85e9325,2022-01-24 16:27:34.406,73.3
4d210a10-6c23-41c4-92e1-5b1833f7b54a,2022-01-24 16:27:34.015,UNKNOWN
f0704100-56e6-4117-ae4f-cf97e5d2d132,2022-01-24 16:27:24.009,UNKNOWN
fc86bd41-dd55-4d15-bb3f-35e31c7759e6,2022-01-24 00:36:40.015,77.2
f0704100-56e6-4117-ae4f-cf97e5d2d132,2022-01-24 07:46:04.030,UNKNOWN
f0704100-56e6-4117-ae4f-cf97e5d2d132,2022-01-24 05:10:34.024,UNKNOWN
66bd55df-eaf0-49c8-b9e1-7759b85e9325,2022-01-23 22:32:05.003,49.8
4d210a10-6c23-41c4-92e1-5b1833f7b54a,2022-01-22 21:33:10.113,UNKNOWN
f0704100-56e6-4117-ae4f-cf97e5d2d132,2022-01-23 06:46:18.016,UNKNOWN
3e937810-3a3b-48d6-80ad-56ae12c3bed8,2022-01-23 01:43:22.077,UNKNOWN
f0704100-56e6-4117-ae4f-cf97e5d2d132,2022-01-22 23:06:41.011,UNKNOWN
66bd55df-eaf0-49c8-b9e1-7759b85e9325,2022-01-22 23:06:20.018,78.4
9893c80d-f282-46cf-a794-280f0306c936,2022-01-22 23:06:38.018,UNKNOWN
19c4f06a-d5c7-4e51-ae2c-56c5367c0d50,2022-01-22 22:16:04.009,UNKNOWN
f0704100-56e6-4117-ae4f-cf97e5d2d132,2022-01-22 18:16:33.047,UNKNOWN
4d210a10-6c23-41c4-92e1-5b1833f7b54a,2022-01-22 17:06:19.040,UNKNOWN
f0704100-56e6-4117-ae4f-cf97e5d2d132,2022-01-22 11:13:14.029,UNKNOWN
9893c80d-f282-46cf-a794-280f0306c936,2022-01-21 16:20:58.007,UNKNOWN
3e937810-3a3b-48d6-80ad-56ae12c3bed8,2022-01-22 05:18:20.027,UNKNOWN
4d210a10-6c23-41c4-92e1-5b1833f7b54a,2022-01-22 02:59:29.002,UNKNOWN
fc86bd41-dd55-4d15-bb3f-35e31c7759e6,2022-01-22 05:18:25.213,75.2
460a67ab-ee58-4279-b96d-ac56ac029d3e,2022-01-22 03:06:00.004,UNKNOWN
460a67ab-ee58-4279-b96d-ac56ac029d3e,2022-01-21 22:47:57.027,UNKNOWN
f0704100-56e6-4117-ae4f-cf97e5d2d132,2022-01-21 12:26:56.034,UNKNOWN
4d210a10-6c23-41c4-92e1-5b1833f7b54a,2022-01-21 16:20:35.013,UNKNOWN
66bd55df-eaf0-49c8-b9e1-7759b85e9325,2022-01-21 02:35:08.024,29.4
4d210a10-6c23-41c4-92e1-5b1833f7b54a,2022-01-21 00:38:13.023,UNKNOWN
fc86bd41-dd55-4d15-bb3f-35e31c7759e6,2022-01-20 22:18:24.334,72.1
f0704100-56e6-4117-ae4f-cf97e5d2d132,2022-01-20 23:54:41.003,UNKNOWN
66bd55df-eaf0-49c8-b9e1-7759b85e9325,2022-01-19 23:09:20.221,43.5
4d210a10-6c23-41c4-92e1-5b1833f7b54a,2022-01-20 20:39:27.002,UNKNOWN
f0704100-56e6-4117-ae4f-cf97e5d2d132,2022-01-20 22:38:21.047,UNKNOWN
9893c80d-f282-46cf-a794-280f0306c936,2022-01-20 21:27:26.007,UNKNOWN
460a67ab-ee58-4279-b96d-ac56ac029d3e,2022-01-20 17:57:40.031,UNKNOWN
f0704100-56e6-4117-ae4f-cf97e5d2d132,2022-01-20 21:27:25.005,UNKNOWN
460a67ab-ee58-4279-b96d-ac56ac029d3e,2022-01-20 00:59:33.001,UNKNOWN
fc86bd41-dd55-4d15-bb3f-35e31c7759e6,2022-01-20 13:56:45.211,85.8
f0704100-56e6-4117-ae4f-cf97e5d2d132,2022-01-20 06:42:31.012,UNKNOWN
4d210a10-6c23-41c4-92e1-5b1833f7b54a,2022-01-19 16:54:07.003,UNKNOWN
f0704100-56e6-4117-ae4f-cf97e5d2d132,2022-01-20 03:19:00.015,UNKNOWN
f0704100-56e6-4117-ae4f-cf97e5d2d132,2022-01-19 16:53:55.027,UNKNOWN
fc86bd41-dd55-4d15-bb3f-35e31c7759e6,2022-01-19 20:12:45.144,UNKNOWN
f0704100-56e6-4117-ae4f-cf97e5d2d132,2022-01-19 05:31:25.025,UNKNOWN
fc86bd41-dd55-4d15-bb3f-35e31c7759e6,2022-01-19 14:14:26.060,84.3
fc86bd41-dd55-4d15-bb3f-35e31c7759e6,2022-01-19 01:41:52.373,72.5
f0704100-56e6-4117-ae4f-cf97e5d2d132,2022-01-19 03:06:14.021,UNKNOWN
f0704100-56e6-4117-ae4f-cf97e5d2d132,2022-01-18 22:13:20.001,UNKNOWN
4d210a10-6c23-41c4-92e1-5b1833f7b54a,2022-01-18 19:52:40.004,UNKNOWN
f0704100-56e6-4117-ae4f-cf97e5d2d132,2022-01-18 11:51:53.015,UNKNOWN
f0704100-56e6-4117-ae4f-cf97e5d2d132,2022-01-18 07:25:52.029,UNKNOWN
f0704100-56e6-4117-ae4f-cf97e5d2d132,2022-01-18 04:10:38.004,UNKNOWN
f0704100-56e6-4117-ae4f-cf97e5d2d132,2022-01-17 23:24:29.002,UNKNOWN
66bd55df-eaf0-49c8-b9e1-7759b85e9325,2022-01-17 23:24:02.009,42.3
f0704100-56e6-4117-ae4f-cf97e5d2d132,2022-01-17 13:56:16.011,UNKNOWN
9893c80d-f282-46cf-a794-280f0306c936,2022-01-17 16:08:18.027,UNKNOWN
f0704100-56e6-4117-ae4f-cf97e5d2d132,2022-01-17 05:31:05.020,UNKNOWN
3e937810-3a3b-48d6-80ad-56ae12c3bed8,2022-01-17 04:36:17.012,UNKNOWN
4d210a10-6c23-41c4-92e1-5b1833f7b54a,2022-01-16 18:52:15.008,UNKNOWN
f0704100-56e6-4117-ae4f-cf97e5d2d132,2022-01-17 00:03:44.028,UNKNOWN
fb20e847-d2a1-4583-b874-393c9d1f3db9,2022-01-16 21:43:30.034,UNKNOWN
9893c80d-f282-46cf-a794-280f0306c936,2022-01-15 19:07:00.006,UNKNOWN
fb20e847-d2a1-4583-b874-393c9d1f3db9,2022-01-16 06:37:49.037,UNKNOWN
4d210a10-6c23-41c4-92e1-5b1833f7b54a,2022-01-16 01:17:27.009,UNKNOWN
f0704100-56e6-4117-ae4f-cf97e5d2d132,2022-01-16 01:17:30.013,UNKNOWN
f0704100-56e6-4117-ae4f-cf97e5d2d132,2022-01-15 19:06:58.035,UNKNOWN
4d210a10-6c23-41c4-92e1-5b1833f7b54a,2022-01-15 00:59:14.002,UNKNOWN
f0704100-56e6-4117-ae4f-cf97e5d2d132,2022-01-15 06:12:50.015,UNKNOWN
66bd55df-eaf0-49c8-b9e1-7759b85e9325,2022-01-15 01:27:01.018,47.8
3e937810-3a3b-48d6-80ad-56ae12c3bed8,2022-01-15 00:17:49.040,UNKNOWN
19c4f06a-d5c7-4e51-ae2c-56c5367c0d50,2022-01-13 00:25:55.006,UNKNOWN
66bd55df-eaf0-49c8-b9e1-7759b85e9325,2022-01-14 18:51:15.009,74.9
4d210a10-6c23-41c4-92e1-5b1833f7b54a,2022-01-14 19:47:20.030,UNKNOWN
9893c80d-f282-46cf-a794-280f0306c936,2022-01-14 19:47:14.027,UNKNOWN
4d210a10-6c23-41c4-92e1-5b1833f7b54a,2022-01-14 17:04:27.027,UNKNOWN
9893c80d-f282-46cf-a794-280f0306c936,2022-01-14 17:04:36.034,UNKNOWN
f0704100-56e6-4117-ae4f-cf97e5d2d132,2022-01-14 17:04:31.027,UNKNOWN
9893c80d-f282-46cf-a794-280f0306c936,2022-01-13 22:36:14.027,UNKNOWN
f0704100-56e6-4117-ae4f-cf97e5d2d132,2022-01-14 07:39:14.034,UNKNOWN
4d210a10-6c23-41c4-92e1-5b1833f7b54a,2022-01-14 02:41:56.033,UNKNOWN
fb20e847-d2a1-4583-b874-393c9d1f3db9,2022-01-14 04:29:42.013,UNKNOWN
66bd55df-eaf0-49c8-b9e1-7759b85e9325,2022-01-13 23:44:07.025,53.3
460a67ab-ee58-4279-b96d-ac56ac029d3e,2022-01-14 01:54:02.009,UNKNOWN
f0704100-56e6-4117-ae4f-cf97e5d2d132,2022-01-13 23:43:55.036,UNKNOWN
460a67ab-ee58-4279-b96d-ac56ac029d3e,2022-01-13 22:36:32.035,UNKNOWN
4d210a10-6c23-41c4-92e1-5b1833f7b54a,2022-01-13 23:43:48.027,UNKNOWN
9893c80d-f282-46cf-a794-280f0306c936,2022-01-13 20:36:23.004,UNKNOWN
4d210a10-6c23-41c4-92e1-5b1833f7b54a,2022-01-13 19:32:20.009,UNKNOWN
66bd55df-eaf0-49c8-b9e1-7759b85e9325,2022-01-13 18:26:17.302,80.0
f0704100-56e6-4117-ae4f-cf97e5d2d132,2022-01-13 16:26:26.016,UNKNOWN
9893c80d-f282-46cf-a794-280f0306c936,2022-01-13 15:59:02.001,UNKNOWN
4d210a10-6c23-41c4-92e1-5b1833f7b54a,2022-01-13 16:26:27.004,UNKNOWN
9893c80d-f282-46cf-a794-280f0306c936,2022-01-12 13:18:04.027,UNKNOWN
f0704100-56e6-4117-ae4f-cf97e5d2d132,2022-01-13 04:22:50.033,UNKNOWN
3e937810-3a3b-48d6-80ad-56ae12c3bed8,2022-01-13 00:33:03.002,UNKNOWN
fc86bd41-dd55-4d15-bb3f-35e31c7759e6,2022-01-12 22:14:41.038,76.0
fb20e847-d2a1-4583-b874-393c9d1f3db9,2022-01-13 00:32:38.018,UNKNOWN
f0704100-56e6-4117-ae4f-cf97e5d2d132,2022-01-13 00:25:55.015,UNKNOWN
66bd55df-eaf0-49c8-b9e1-7759b85e9325,2022-01-12 17:21:40.211,72.5
460a67ab-ee58-4279-b96d-ac56ac029d3e,2022-01-12 17:21:42.003,UNKNOWN
4d210a10-6c23-41c4-92e1-5b1833f7b54a,2022-01-12 17:21:40.017,UNKNOWN
4d210a10-6c23-41c4-92e1-5b1833f7b54a,2022-01-12 13:18:17.004,UNKNOWN
19c4f06a-d5c7-4e51-ae2c-56c5367c0d50,2022-01-11 23:55:04.015,UNKNOWN
f0704100-56e6-4117-ae4f-cf97e5d2d132,2022-01-12 04:32:35.002,UNKNOWN
66bd55df-eaf0-49c8-b9e1-7759b85e9325,2022-01-12 01:46:37.016,43.1
f0704100-56e6-4117-ae4f-cf97e5d2d132,2022-01-11 23:54:40.027,UNKNOWN
fb20e847-d2a1-4583-b874-393c9d1f3db9,2022-01-11 08:38:14.018,UNKNOWN
9893c80d-f282-46cf-a794-280f0306c936,2022-01-11 23:55:01.009,UNKNOWN
66bd55df-eaf0-49c8-b9e1-7759b85e9325,2022-01-11 23:55:03.017,64.7
19c4f06a-d5c7-4e51-ae2c-56c5367c0d50,2022-01-11 22:49:50.026,UNKNOWN
4d210a10-6c23-41c4-92e1-5b1833f7b54a,2022-01-11 20:20:17.036,UNKNOWN
f0704100-56e6-4117-ae4f-cf97e5d2d132,2022-01-11 20:20:16.027,UNKNOWN
9893c80d-f282-46cf-a794-280f0306c936,2022-01-11 20:20:13.006,UNKNOWN
d44b765e-d86f-46f8-ba46-8cd913c49285,2022-01-11 18:58:56.007,UNKNOWN
66bd55df-eaf0-49c8-b9e1-7759b85e9325,2022-01-11 17:15:48.021,64.7
9893c80d-f282-46cf-a794-280f0306c936,2022-01-11 17:41:07.011,UNKNOWN
4d210a10-6c23-41c4-92e1-5b1833f7b54a,2022-01-11 17:41:07.011,UNKNOWN
4d210a10-6c23-41c4-92e1-5b1833f7b54a,2022-01-11 14:35:03.018,UNKNOWN
9893c80d-f282-46cf-a794-280f0306c936,2022-01-11 14:35:05.008,UNKNOWN
c9c8b7fb-eaa8-4ab5-ba8f-756f15bb8635,2022-01-11 01:44:32.002,UNKNOWN
66bd55df-eaf0-49c8-b9e1-7759b85e9325,2022-01-11 04:30:44.003,39.6
4d210a10-6c23-41c4-92e1-5b1833f7b54a,2022-01-11 00:27:24.016,UNKNOWN
f0704100-56e6-4117-ae4f-cf97e5d2d132,2022-01-11 02:37:42.027,UNKNOWN
fb20e847-d2a1-4583-b874-393c9d1f3db9,2022-01-10 04:50:48.004,UNKNOWN
9893c80d-f282-46cf-a794-280f0306c936,2022-01-10 20:56:29.040,UNKNOWN
66bd55df-eaf0-49c8-b9e1-7759b85e9325,2022-01-08 21:35:25.021,62.3
9893c80d-f282-46cf-a794-280f0306c936,2022-01-10 14:44:32.020,UNKNOWN
3e937810-3a3b-48d6-80ad-56ae12c3bed8,2022-01-10 04:50:48.040,UNKNOWN
4d210a10-6c23-41c4-92e1-5b1833f7b54a,2022-01-09 21:37:22.025,UNKNOWN
19c4f06a-d5c7-4e51-ae2c-56c5367c0d50,2022-01-09 20:11:31.711,UNKNOWN
9893c80d-f282-46cf-a794-280f0306c936,2022-01-10 04:26:28.039,UNKNOWN
3e937810-3a3b-48d6-80ad-56ae12c3bed8,2022-01-10 01:43:24.011,UNKNOWN
f0704100-56e6-4117-ae4f-cf97e5d2d132,2022-01-10 01:03:30.018,UNKNOWN
f0704100-56e6-4117-ae4f-cf97e5d2d132,2022-01-09 17:30:13.031,UNKNOWN
9893c80d-f282-46cf-a794-280f0306c936,2022-01-09 21:37:11.027,UNKNOWN
fc86bd41-dd55-4d15-bb3f-35e31c7759e6,2022-01-09 21:30:31.631,UNKNOWN
9893c80d-f282-46cf-a794-280f0306c936,2022-01-09 03:56:02.027,UNKNOWN
19c4f06a-d5c7-4e51-ae2c-56c5367c0d50,2022-01-08 19:26:29.007,UNKNOWN
f0704100-56e6-4117-ae4f-cf97e5d2d132,2022-01-09 05:40:02.016,UNKNOWN
f0704100-56e6-4117-ae4f-cf97e5d2d132,2022-01-09 03:56:20.007,UNKNOWN
3e937810-3a3b-48d6-80ad-56ae12c3bed8,2022-01-09 00:43:54.020,UNKNOWN
9893c80d-f282-46cf-a794-280f0306c936,2022-01-08 22:21:53.013,UNKNOWN
f0704100-56e6-4117-ae4f-cf97e5d2d132,2022-01-08 21:18:37.022,UNKNOWN
4d210a10-6c23-41c4-92e1-5b1833f7b54a,2022-01-08 22:21:47.009,UNKNOWN
4d210a10-6c23-41c4-92e1-5b1833f7b54a,2022-01-08 19:26:13.009,UNKNOWN
9893c80d-f282-46cf-a794-280f0306c936,2022-01-08 19:26:06.018,UNKNOWN
19c4f06a-d5c7-4e51-ae2c-56c5367c0d50,2022-01-08 01:12:59.040,UNKNOWN
f0704100-56e6-4117-ae4f-cf97e5d2d132,2022-01-08 15:52:12.026,UNKNOWN
4d210a10-6c23-41c4-92e1-5b1833f7b54a,2022-01-08 15:52:12.002,UNKNOWN
9893c80d-f282-46cf-a794-280f0306c936,2022-01-08 02:07:03.004,UNKNOWN
66bd55df-eaf0-49c8-b9e1-7759b85e9325,2022-01-08 04:48:12.025,74.1
f0704100-56e6-4117-ae4f-cf97e5d2d132,2022-01-08 02:07:04.018,UNKNOWN
19c4f06a-d5c7-4e51-ae2c-56c5367c0d50,2022-01-07 23:00:57.003,UNKNOWN
4d210a10-6c23-41c4-92e1-5b1833f7b54a,2022-01-07 21:32:23.027,UNKNOWN
f0704100-56e6-4117-ae4f-cf97e5d2d132,2022-01-07 18:35:42.017,UNKNOWN
f0704100-56e6-4117-ae4f-cf97e5d2d132,2022-01-07 16:40:18.009,UNKNOWN
66bd55df-eaf0-49c8-b9e1-7759b85e9325,2022-01-07 16:58:25.002,77.6
4d210a10-6c23-41c4-92e1-5b1833f7b54a,2022-01-06 21:29:53.039,UNKNOWN
460a67ab-ee58-4279-b96d-ac56ac029d3e,2022-01-06 02:56:42.047,UNKNOWN
f0704100-56e6-4117-ae4f-cf97e5d2d132,2022-01-07 01:39:28.009,UNKNOWN
f0704100-56e6-4117-ae4f-cf97e5d2d132,2022-01-06 03:53:13.018,UNKNOWN
3e937810-3a3b-48d6-80ad-56ae12c3bed8,2022-01-06 19:35:13.002,UNKNOWN
4d210a10-6c23-41c4-92e1-5b1833f7b54a,2022-01-06 20:09:48.817,UNKNOWN
9893c80d-f282-46cf-a794-280f0306c936,2022-01-06 18:14:54.018,UNKNOWN
66bd55df-eaf0-49c8-b9e1-7759b85e9325,2022-01-06 16:15:04.037,74.5
3e937810-3a3b-48d6-80ad-56ae12c3bed8,2022-01-06 17:37:35.026,UNKNOWN
9893c80d-f282-46cf-a794-280f0306c936,2022-01-06 16:15:04.017,UNKNOWN
fc86bd41-dd55-4d15-bb3f-35e31c7759e6,2022-01-06 15:04:39.147,UNKNOWN
fc86bd41-dd55-4d15-bb3f-35e31c7759e6,2022-01-06 01:37:02.113,71.3
c9c8b7fb-eaa8-4ab5-ba8f-756f15bb8635,2022-01-05 23:55:07.018,UNKNOWN
3e937810-3a3b-48d6-80ad-56ae12c3bed8,2022-01-05 22:29:07.600,UNKNOWN
3e937810-3a3b-48d6-80ad-56ae12c3bed8,2022-01-05 20:14:35.047,UNKNOWN
fc86bd41-dd55-4d15-bb3f-35e31c7759e6,2022-01-05 19:14:19.011,99.6
66bd55df-eaf0-49c8-b9e1-7759b85e9325,2022-01-05 16:28:55.017,66.2
f0704100-56e6-4117-ae4f-cf97e5d2d132,2022-01-05 17:45:35.013,UNKNOWN
c9c8b7fb-eaa8-4ab5-ba8f-756f15bb8635,2022-01-05 02:05:23.026,UNKNOWN
66bd55df-eaf0-49c8-b9e1-7759b85e9325,2022-01-04 23:58:53.002,67.0
4d210a10-6c23-41c4-92e1-5b1833f7b54a,2022-01-03 20:54:32.009,UNKNOWN
3e937810-3a3b-48d6-80ad-56ae12c3bed8,2022-01-04 23:12:34.018,UNKNOWN
66bd55df-eaf0-49c8-b9e1-7759b85e9325,2022-01-04 19:49:53.006,70.1
3e937810-3a3b-48d6-80ad-56ae12c3bed8,2022-01-04 20:48:54.012,UNKNOWN
19c4f06a-d5c7-4e51-ae2c-56c5367c0d50,2022-01-04 03:23:07.007,UNKNOWN
3e937810-3a3b-48d6-80ad-56ae12c3bed8,2022-01-04 19:29:15.003,UNKNOWN
fc86bd41-dd55-4d15-bb3f-35e31c7759e6,2022-01-04 16:36:08.040,39.6
d44b765e-d86f-46f8-ba46-8cd913c49285,2022-01-03 20:48:45.022,UNKNOWN
fc86bd41-dd55-4d15-bb3f-35e31c7759e6,2022-01-04 12:55:32.034,77.2
9893c80d-f282-46cf-a794-280f0306c936,2022-01-03 18:37:19.013,UNKNOWN
460a67ab-ee58-4279-b96d-ac56ac029d3e,2022-01-03 23:01:17.008,UNKNOWN
f0704100-56e6-4117-ae4f-cf97e5d2d132,2022-01-04 07:01:08.011,UNKNOWN
fc86bd41-dd55-4d15-bb3f-35e31c7759e6,2022-01-03 23:59:22.002,81.1
f0704100-56e6-4117-ae4f-cf97e5d2d132,2022-01-04 03:23:06.009,UNKNOWN
fb20e847-d2a1-4583-b874-393c9d1f3db9,2022-01-04 01:08:18.005,UNKNOWN
c9c8b7fb-eaa8-4ab5-ba8f-756f15bb8635,2022-01-03 21:29:18.027,UNKNOWN
f0704100-56e6-4117-ae4f-cf97e5d2d132,2022-01-03 23:53:43.010,UNKNOWN
66bd55df-eaf0-49c8-b9e1-7759b85e9325,2022-01-03 23:53:28.028,72.1
3e937810-3a3b-48d6-80ad-56ae12c3bed8,2022-01-03 22:29:28.036,UNKNOWN
66bd55df-eaf0-49c8-b9e1-7759b85e9325,2022-01-03 19:35:25.018,67.0
fb20e847-d2a1-4583-b874-393c9d1f3db9,2022-01-03 19:17:23.013,UNKNOWN
c9c8b7fb-eaa8-4ab5-ba8f-756f15bb8635,2022-01-03 16:51:17.001,UNKNOWN
66bd55df-eaf0-49c8-b9e1-7759b85e9325,2022-01-03 17:02:14.006,74.1
3e937810-3a3b-48d6-80ad-56ae12c3bed8,2022-01-03 16:58:32.002,UNKNOWN
fb20e847-d2a1-4583-b874-393c9d1f3db9,2022-01-03 06:18:13.037,UNKNOWN
f0704100-56e6-4117-ae4f-cf97e5d2d132,2022-01-02 08:56:46.006,UNKNOWN
19c4f06a-d5c7-4e51-ae2c-56c5367c0d50,2022-01-02 21:00:58.002,UNKNOWN
66bd55df-eaf0-49c8-b9e1-7759b85e9325,2022-01-02 18:57:23.255,61.5
9893c80d-f282-46cf-a794-280f0306c936,2022-01-03 03:06:34.015,UNKNOWN
3e937810-3a3b-48d6-80ad-56ae12c3bed8,2022-01-02 00:39:20.012,UNKNOWN
fc86bd41-dd55-4d15-bb3f-35e31c7759e6,2022-01-02 06:07:20.015,78.4
f0704100-56e6-4117-ae4f-cf97e5d2d132,2022-01-01 23:55:09.018,UNKNOWN
3e937810-3a3b-48d6-80ad-56ae12c3bed8,2022-01-01 22:05:32.031,UNKNOWN
fc86bd41-dd55-4d15-bb3f-35e31c7759e6,2022-01-01 22:05:32.022,48.2
fb20e847-d2a1-4583-b874-393c9d1f3db9,2022-01-01 06:57:06.040,UNKNOWN
f0704100-56e6-4117-ae4f-cf97e5d2d132,2022-01-01 12:12:13.033,UNKNOWN
fc86bd41-dd55-4d15-bb3f-35e31c7759e6,2022-01-01 08:46:47.008,50.9
3e937810-3a3b-48d6-80ad-56ae12c3bed8,2022-01-01 05:16:42.029,UNKNOWN
9893c80d-f282-46cf-a794-280f0306c936,2022-01-01 09:29:04.718,UNKNOWN
4d210a10-6c23-41c4-92e1-5b1833f7b54a,2021-12-30 00:20:41.009,UNKNOWN
460a67ab-ee58-4279-b96d-ac56ac029d3e,2022-01-01 00:48:03.018,UNKNOWN
f0704100-56e6-4117-ae4f-cf97e5d2d132,2022-01-01 00:48:19.006,UNKNOWN
c9c8b7fb-eaa8-4ab5-ba8f-756f15bb8635,2021-12-31 16:41:54.039,UNKNOWN
fb20e847-d2a1-4583-b874-393c9d1f3db9,2021-12-31 21:23:41.016,UNKNOWN
19c4f06a-d5c7-4e51-ae2c-56c5367c0d50,2021-12-30 21:20:21.032,UNKNOWN
fb20e847-d2a1-4583-b874-393c9d1f3db9,2021-12-31 16:41:45.040,UNKNOWN
f0704100-56e6-4117-ae4f-cf97e5d2d132,2021-12-31 16:58:26.002,UNKNOWN
f0704100-56e6-4117-ae4f-cf97e5d2d132,2021-12-31 06:03:19.007,UNKNOWN
3e937810-3a3b-48d6-80ad-56ae12c3bed8,2021-12-31 00:33:41.002,UNKNOWN
19c4f06a-d5c7-4e51-ae2c-56c5367c0d50,2021-12-30 17:43:07.024,UNKNOWN
f0704100-56e6-4117-ae4f-cf97e5d2d132,2021-12-30 17:43:03.040,UNKNOWN
fc86bd41-dd55-4d15-bb3f-35e31c7759e6,2021-12-30 01:09:48.332,73.3
f0704100-56e6-4117-ae4f-cf97e5d2d132,2021-12-30 09:46:02.036,UNKNOWN
66bd55df-eaf0-49c8-b9e1-7759b85e9325,2021-12-30 00:20:15.009,50.9
f0704100-56e6-4117-ae4f-cf97e5d2d132,2021-12-30 07:53:14.029,UNKNOWN
c9c8b7fb-eaa8-4ab5-ba8f-756f15bb8635,2021-12-30 01:13:12.009,UNKNOWN
3e937810-3a3b-48d6-80ad-56ae12c3bed8,2021-12-30 06:02:12.003,UNKNOWN
f0704100-56e6-4117-ae4f-cf97e5d2d132,2021-12-29 15:52:49.027,UNKNOWN
3e937810-3a3b-48d6-80ad-56ae12c3bed8,2021-12-30 01:13:10.011,UNKNOWN
fc86bd41-dd55-4d15-bb3f-35e31c7759e6,2021-12-29 21:40:21.096,UNKNOWN
fc86bd41-dd55-4d15-bb3f-35e31c7759e6,2021-12-29 17:13:08.128,69.8
9893c80d-f282-46cf-a794-280f0306c936,2021-12-29 17:29:22.009,UNKNOWN
fb20e847-d2a1-4583-b874-393c9d1f3db9,2021-12-29 11:57:23.033,UNKNOWN
3e937810-3a3b-48d6-80ad-56ae12c3bed8,2021-12-29 01:16:55.047,UNKNOWN
66bd55df-eaf0-49c8-b9e1-7759b85e9325,2021-12-28 20:43:29.008,70.9
f0704100-56e6-4117-ae4f-cf97e5d2d132,2021-12-29 10:29:47.003,UNKNOWN
fb20e847-d2a1-4583-b874-393c9d1f3db9,2021-12-29 02:42:25.016,UNKNOWN
fc86bd41-dd55-4d15-bb3f-35e31c7759e6,2021-12-28 19:23:30.012,66.6
fc86bd41-dd55-4d15-bb3f-35e31c7759e6,2021-12-28 17:39:47.018,53.7
66bd55df-eaf0-49c8-b9e1-7759b85e9325,2021-12-28 17:12:33.030,68.2
fc86bd41-dd55-4d15-bb3f-35e31c7759e6,2021-12-28 14:24:31.004,65.8
460a67ab-ee58-4279-b96d-ac56ac029d3e,2021-12-28 02:46:44.030,UNKNOWN
f0704100-56e6-4117-ae4f-cf97e5d2d132,2021-12-28 05:44:54.024,UNKNOWN
f0704100-56e6-4117-ae4f-cf97e5d2d132,2021-12-27 22:22:02.021,UNKNOWN
3e937810-3a3b-48d6-80ad-56ae12c3bed8,2021-12-27 22:45:47.018,UNKNOWN
19c4f06a-d5c7-4e51-ae2c-56c5367c0d50,2021-12-26 18:57:20.010,UNKNOWN
fb20e847-d2a1-4583-b874-393c9d1f3db9,2021-12-27 18:51:59.004,UNKNOWN
fb20e847-d2a1-4583-b874-393c9d1f3db9,2021-12-27 14:30:53.036,UNKNOWN
fb20e847-d2a1-4583-b874-393c9d1f3db9,2021-12-26 20:40:12.026,UNKNOWN
f0704100-56e6-4117-ae4f-cf97e5d2d132,2021-12-26 22:21:30.035,UNKNOWN
fb20e847-d2a1-4583-b874-393c9d1f3db9,2021-12-26 16:26:36.026,UNKNOWN
19c4f06a-d5c7-4e51-ae2c-56c5367c0d50,2021-12-26 03:01:03.007,UNKNOWN
fb20e847-d2a1-4583-b874-393c9d1f3db9,2021-12-26 13:04:35.030,UNKNOWN
fb20e847-d2a1-4583-b874-393c9d1f3db9,2021-12-26 09:28:12.029,UNKNOWN
fb20e847-d2a1-4583-b874-393c9d1f3db9,2021-12-26 06:18:16.007,UNKNOWN
fb20e847-d2a1-4583-b874-393c9d1f3db9,2021-12-26 04:42:00.002,UNKNOWN
fb20e847-d2a1-4583-b874-393c9d1f3db9,2021-12-25 08:17:59.020,UNKNOWN
f0704100-56e6-4117-ae4f-cf97e5d2d132,2021-12-25 18:38:37.017,UNKNOWN
19c4f06a-d5c7-4e51-ae2c-56c5367c0d50,2021-12-25 18:38:17.030,UNKNOWN
3e937810-3a3b-48d6-80ad-56ae12c3bed8,2021-12-25 18:18:18.007,UNKNOWN
4d210a10-6c23-41c4-92e1-5b1833f7b54a,2021-12-24 15:49:46.004,UNKNOWN
fc86bd41-dd55-4d15-bb3f-35e31c7759e6,2021-12-25 06:13:33.005,57.2
f0704100-56e6-4117-ae4f-cf97e5d2d132,2021-12-25 05:42:38.030,UNKNOWN
3e937810-3a3b-48d6-80ad-56ae12c3bed8,2021-12-25 00:10:42.031,UNKNOWN
fb20e847-d2a1-4583-b874-393c9d1f3db9,2021-12-25 00:10:44.040,UNKNOWN
f0704100-56e6-4117-ae4f-cf97e5d2d132,2021-12-24 22:50:07.022,UNKNOWN
fb20e847-d2a1-4583-b874-393c9d1f3db9,2021-12-24 22:25:36.009,UNKNOWN
f0704100-56e6-4117-ae4f-cf97e5d2d132,2021-12-24 18:13:38.007,UNKNOWN
fc86bd41-dd55-4d15-bb3f-35e31c7759e6,2021-12-23 23:14:01.003,78.0
3e937810-3a3b-48d6-80ad-56ae12c3bed8,2021-12-24 17:47:42.039,UNKNOWN
19c4f06a-d5c7-4e51-ae2c-56c5367c0d50,2021-12-24 00:18:41.048,UNKNOWN
66bd55df-eaf0-49c8-b9e1-7759b85e9325,2021-12-23 23:27:57.006,62.3
9893c80d-f282-46cf-a794-280f0306c936,2021-12-24 04:59:59.004,UNKNOWN
3e937810-3a3b-48d6-80ad-56ae12c3bed8,2021-12-24 01:22:46.004,UNKNOWN
fb20e847-d2a1-4583-b874-393c9d1f3db9,2021-12-24 01:22:40.031,UNKNOWN
4d210a10-6c23-41c4-92e1-5b1833f7b54a,2021-12-23 23:39:35.087,UNKNOWN
c9c8b7fb-eaa8-4ab5-ba8f-756f15bb8635,2021-12-23 19:31:45.200,UNKNOWN
460a67ab-ee58-4279-b96d-ac56ac029d3e,2021-12-23 21:44:23.107,UNKNOWN
4d210a10-6c23-41c4-92e1-5b1833f7b54a,2021-12-23 20:28:53.002,UNKNOWN
9893c80d-f282-46cf-a794-280f0306c936,2021-12-23 17:52:00.009,UNKNOWN
19c4f06a-d5c7-4e51-ae2c-56c5367c0d50,2021-12-22 17:35:47.008,UNKNOWN
4d210a10-6c23-41c4-92e1-5b1833f7b54a,2021-12-23 17:52:14.008,UNKNOWN
fb20e847-d2a1-4583-b874-393c9d1f3db9,2021-12-23 06:17:11.009,UNKNOWN
f0704100-56e6-4117-ae4f-cf97e5d2d132,2021-12-23 15:42:16.004,UNKNOWN
9893c80d-f282-46cf-a794-280f0306c936,2021-12-23 15:42:16.011,UNKNOWN
fc86bd41-dd55-4d15-bb3f-35e31c7759e6,2021-12-23 15:21:19.016,72.5
c9c8b7fb-eaa8-4ab5-ba8f-756f15bb8635,2021-12-23 06:15:15.062,UNKNOWN
c9c8b7fb-eaa8-4ab5-ba8f-756f15bb8635,2021-12-23 03:21:11.012,UNKNOWN
fb20e847-d2a1-4583-b874-393c9d1f3db9,2021-12-23 04:07:40.017,UNKNOWN
f0704100-56e6-4117-ae4f-cf97e5d2d132,2021-12-23 03:56:44.018,UNKNOWN
f0704100-56e6-4117-ae4f-cf97e5d2d132,2021-12-23 00:52:37.022,UNKNOWN
66bd55df-eaf0-49c8-b9e1-7759b85e9325,2021-12-22 19:11:38.031,69.0
f0704100-56e6-4117-ae4f-cf97e5d2d132,2021-12-21 01:40:48.040,UNKNOWN
4d210a10-6c23-41c4-92e1-5b1833f7b54a,2021-12-22 14:22:11.394,UNKNOWN
66bd55df-eaf0-49c8-b9e1-7759b85e9325,2021-12-21 22:38:59.048,62.7
3e937810-3a3b-48d6-80ad-56ae12c3bed8,2021-12-22 02:17:10.002,UNKNOWN
fb20e847-d2a1-4583-b874-393c9d1f3db9,2021-12-22 02:43:43.035,UNKNOWN
19c4f06a-d5c7-4e51-ae2c-56c5367c0d50,2021-12-21 22:52:04.009,UNKNOWN
9893c80d-f282-46cf-a794-280f0306c936,2021-12-22 00:40:20.009,UNKNOWN
3e937810-3a3b-48d6-80ad-56ae12c3bed8,2021-12-21 23:20:29.031,UNKNOWN
fb20e847-d2a1-4583-b874-393c9d1f3db9,2021-12-21 23:20:34.030,UNKNOWN
c9c8b7fb-eaa8-4ab5-ba8f-756f15bb8635,2021-12-20 01:47:29.030,UNKNOWN
4d210a10-6c23-41c4-92e1-5b1833f7b54a,2021-12-21 20:00:11.018,UNKNOWN
66bd55df-eaf0-49c8-b9e1-7759b85e9325,2021-12-21 20:00:05.027,67.0
4d210a10-6c23-41c4-92e1-5b1833f7b54a,2021-12-21 17:13:58.013,UNKNOWN
9893c80d-f282-46cf-a794-280f0306c936,2021-12-21 17:14:20.030,UNKNOWN
460a67ab-ee58-4279-b96d-ac56ac029d3e,2021-12-21 01:40:52.005,UNKNOWN
fb20e847-d2a1-4583-b874-393c9d1f3db9,2021-12-20 01:47:29.013,UNKNOWN
f0704100-56e6-4117-ae4f-cf97e5d2d132,2021-12-20 22:16:19.034,UNKNOWN
9893c80d-f282-46cf-a794-280f0306c936,2021-12-20 18:24:53.015,UNKNOWN
19c4f06a-d5c7-4e51-ae2c-56c5367c0d50,2021-12-20 17:45:08.022,UNKNOWN
f0704100-56e6-4117-ae4f-cf97e5d2d132,2021-12-20 13:36:17.007,UNKNOWN
3e937810-3a3b-48d6-80ad-56ae12c3bed8,2021-12-20 01:17:27.210,UNKNOWN
460a67ab-ee58-4279-b96d-ac56ac029d3e,2021-12-20 01:27:48.039,UNKNOWN
f0704100-56e6-4117-ae4f-cf97e5d2d132,2021-12-20 01:27:52.014,UNKNOWN
c9c8b7fb-eaa8-4ab5-ba8f-756f15bb8635,2021-12-19 22:26:13.009,UNKNOWN
3e937810-3a3b-48d6-80ad-56ae12c3bed8,2021-12-19 18:16:16.003,UNKNOWN
fb20e847-d2a1-4583-b874-393c9d1f3db9,2021-12-19 18:16:14.017,UNKNOWN
19c4f06a-d5c7-4e51-ae2c-56c5367c0d50,2021-12-19 18:33:46.004,UNKNOWN
19c4f06a-d5c7-4e51-ae2c-56c5367c0d50,2021-12-19 07:31:53.009,UNKNOWN
3e937810-3a3b-48d6-80ad-56ae12c3bed8,2021-12-19 00:38:58.497,UNKNOWN
fb20e847-d2a1-4583-b874-393c9d1f3db9,2021-12-19 13:14:57.012,UNKNOWN
fb20e847-d2a1-4583-b874-393c9d1f3db9,2021-12-19 08:17:12.031,UNKNOWN
f0704100-56e6-4117-ae4f-cf97e5d2d132,2021-12-19 07:32:14.004,UNKNOWN
fb20e847-d2a1-4583-b874-393c9d1f3db9,2021-12-19 05:54:05.037,UNKNOWN
fb20e847-d2a1-4583-b874-393c9d1f3db9,2021-12-19 04:10:51.041,UNKNOWN
460a67ab-ee58-4279-b96d-ac56ac029d3e,2021-12-18 22:45:17.030,UNKNOWN
3e937810-3a3b-48d6-80ad-56ae12c3bed8,2021-12-18 18:53:37.067,UNKNOWN
